model,horizon,mae,rmse,bias,rainy_mae,rainy_rmse,rainy_bias,pr_auc,precision,recall,f1,ext_pr_auc,ext_precision,ext_recall,ext_f1
Climatology,1,4.049665451049805,10.744882119421037,-0.4269827604293823,9.711295127868652,18.695236594862624,-4.795985698699951,0.6609923737166866,0.37578177000992385,0.9644593886254795,0.5408373766544883,0.2226661614669037,0.34969888941029253,0.11547761632505481,0.17362181315147618
Persistence,1,4.022307872772217,12.037236614257326,-0.0005350959254428744,11.097853660583496,20.585560213573025,-1.9387975931167603,0.6458336765073407,0.6868744578634817,0.6867533535059922,0.6868139003462219,0.29387058153225476,0.3432860399485951,0.3432206536091194,0.3432533436649958
RecentHistory,1,4.142907619476318,10.852439191323175,-0.0038142353296279907,9.998017311096191,18.469236622449117,-3.440084218978882,0.6564960152328053,0.4721208638925158,0.9269906602177694,0.6256136466328025,0.2528534840514733,0.3191357682573112,0.22307163357083132,0.2625937488717833
Climatology,2,4.05023193359375,10.746587522166376,-0.42751753330230713,9.71156120300293,18.696797077233995,-4.796772480010986,0.6609713835019491,0.37584420021110226,0.9644524459378095,0.5409009404398138,0.22264958661666936,0.34969888941029253,0.11545897930001582,0.17360074740047804
Persistence,2,4.661621570587158,13.690409869236762,-0.0010698809055611491,12.054473876953125,22.53816140421445,-3.0530881881713867,0.5530831816667737,0.6185181919568388,0.6183019669102648,0.6184100605329581,0.1840160029651272,0.24513881264974266,0.24505256498400618,0.24509568122936862
RecentHistory,2,4.332656383514404,11.289003365437681,-0.004349010530859232,10.327248573303223,19.135517494574227,-3.7250592708587646,0.6235709477525286,0.4604703525368773,0.9039586548041815,0.6101397115084876,0.21535073276520958,0.27916643573685085,0.19510211196002672,0.2296840533284694
Climatology,3,4.050277233123779,10.746702531260933,-0.4274655282497406,9.712174415588379,18.697692337036376,-4.7972259521484375,0.6609469555568666,0.3758112444915211,0.9644402488378534,0.5408648928315611,0.22264802822760132,0.34969888941029253,0.1154574885978871,0.17359906236122874
Persistence,3,4.883998870849609,14.207177854447048,-0.0010178196243941784,12.227449417114258,22.94040023388051,-3.6016576290130615,0.515249130391805,0.590134664328132,0.5899726326008559,0.5900536373408102,0.15407618627608244,0.21236817803150165,0.21229071918040354,0.21232944154160796
RecentHistory,3,4.406346797943115,11.454403252978128,-0.004296968225389719,10.433011054992676,19.373031023943764,-3.8589656352996826,0.6087264948357067,0.4551150125472646,0.8935125267643634,0.6030589662095522,0.20186744298886436,0.2649827264497774,0.18518709794035718,0.2180127563282902
Climatology,4,4.050415515899658,10.746874332677539,-0.42774930596351624,9.711372375488281,18.69657917250924,-4.797148704528809,0.6609535158730393,0.3758718180324414,0.9644463500400473,0.5409285819136929,0.22263565268849347,0.34969888941029253,0.11544183854924754,0.17358137142385738
Persistence,4,4.9749650955200195,14.408930001701906,-0.0013015931472182274,12.340484619140625,23.1985804156371,-3.7818057537078857,0.5005836378896026,0.5752723789188725,0.5750253831289285,0.5751488545060186,0.14434685306689965,0.19971068589399996,0.1996107831778295,0.19966072203902505
RecentHistory,4,4.439757347106934,11.530485133000422,-0.004580745939165354,10.481451034545898,19.491750683983277,-3.9174787998199463,0.6018533601208762,0.4521799355405517,0.8876127353336132,0.5991384759348669,0.19595063341168326,0.25855825897393264,0.18067277063639856,0.21271009500939456
Climatology,5,4.0505828857421875,10.746595686432808,-0.4279311001300812,9.708632469177246,18.69287603612545,-4.796080112457275,0.660853001903155,0.3759159137135712,0.9642310533700591,0.5409403690214605,0.2226349866698753,0.34969888941029253,0.11545599793425108,0.17359737735469044
Persistence,5,5.027015686035156,14.542467213686018,-0.0014833735767751932,12.407651901245117,23.3796825920599,-3.8783156871795654,0.49354414459554524,0.5687262293988123,0.5682884708456832,0.5685072658522068,0.13836998164825148,0.1908342966373693,0.19076222907218823,0.19079825604950987
RecentHistory,5,4.462299823760986,11.58408827116829,-0.004762512166053057,10.512603759765625,19.57490122101514,-3.955019950866699,0.5976080356034055,0.45100438790220415,0.8850037235755612,0.5975121845643229,0.19180420067888537,0.25553307838681666,0.17858076594096478,0.21023652416445165
Climatology,6,4.053450584411621,10.750242363615103,-0.43086132407188416,9.710882186889648,18.692821344682528,-4.801971912384033,0.6606419780517601,0.37600781839634684,0.9637605379437357,0.5409614215977615,0.22249350811139187,0.34969888941029253,0.11533352249277755,0.1734588974667339
Persistence,6,5.043109893798828,14.577144741125093,-0.004413595423102379,12.408563613891602,23.439557201382346,-3.9270455837249756,0.4904892052130971,0.5665499385181443,0.5656993054415408,0.5661243024492114,0.13792825821434707,0.191266976215539,0.19099192633099463,0.19112935231881673
RecentHistory,6,4.484143257141113,11.631414141104038,-0.007692751009017229,10.537006378173828,19.63727550123306,-4.000199317932129,0.5935906188656734,0.4503594293785585,0.8830909873961077,0.5965101486638417,0.18831032386683766,0.2531083153208077,0.17669856582748658,0.20811149508221624
Climatology,7,4.054526329040527,10.751145057906731,-0.4320259094238281,9.709091186523438,18.6892954496497,-4.80291748046875,0.6604911817727201,0.37607024859752525,0.9633830081462254,0.5409665257732751,0.22246078738000646,0.34969888941029253,0.11530898423648496,0.17343114390857653
Persistence,7,5.045460224151611,14.568288544915964,-0.005578250624239445,12.41981029510498,23.461117007305273,-3.918060302734375,0.49083099688860754,0.566781686985864,0.565615104821267,0.566197795003794,0.13716656724782358,0.18981394778138702,0.189500660842655,0.1896571749356356
RecentHistory,7,4.508820533752441,11.685224831817195,-0.008857415057718754,10.57094669342041,19.70837806658947,-4.0417375564575195,0.5896985982382139,0.44986767125681365,0.8816347860828083,0.5957465356940121,0.18362576761419003,0.24819874743667905,0.1732342606621321,0.20404916408151486
