variable,year,input_filename,input_exists,input_size,expected_size,days,grid_dimensions,valid_count,missing_count,min,max,mean,validation_status,processing_status,output_path,error_message,processing_timestamp
rainfall,2000,ind2000_rfp25.grd,True,25495560,25495560,366,129x135,1816824,4557066,0.0,569.6158447265625,2.7512857913970947,PASS,SUCCESS,data\processed\rainfall\2000.nc,,2026-08-31T09:44:03.696159Z
max_temp,2000,Maxtemp_MaxT_2000.GRD,True,1406904,1406904,366,31x31,128389,223337,0.6200000047683716,45.0,30.669422149658203,PASS,SUCCESS,data\processed\max_temperature\2000.nc,,2026-08-31T09:44:03.964372Z
min_temp,2000,Mintemp_MinT_2000.GRD,True,1406904,1406904,366,31x31,128389,223337,-9.109999656677246,30.799999237060547,18.65035629272461,PASS,SUCCESS,data\processed\min_temperature\2000.nc,,2026-08-31T09:44:04.040154Z
rainfall,2001,ind2001_rfp25.grd,True,25425900,25425900,365,129x135,1811860,4544615,0.0,822.0632934570312,2.911745548248291,PASS,SUCCESS,data\processed\rainfall\2001.nc,,2026-08-31T09:44:04.097554Z
max_temp,2001,Maxtemp_MaxT_2001.GRD,True,1403060,1403060,365,31x31,128749,222016,1.7000000476837158,46.189998626708984,30.77044105529785,PASS,SUCCESS,data\processed\max_temperature\2001.nc,,2026-08-31T09:44:04.371577Z
min_temp,2001,Mintemp_MinT_2001.GRD,True,1403060,1403060,365,31x31,128749,222016,-8.369999885559082,31.739999771118164,18.882356643676758,PASS,SUCCESS,data\processed\min_temperature\2001.nc,,2026-08-31T09:44:04.420262Z
rainfall,2002,ind2002_rfp25.grd,True,25425900,25425900,365,129x135,1811860,4544615,0.0,594.8735961914062,2.5575122833251953,PASS,SUCCESS,data\processed\rainfall\2002.nc,,2026-08-31T09:44:04.457201Z
max_temp,2002,Maxtemp_MaxT_2002.GRD,True,1403060,1403060,365,31x31,128416,222349,-0.07999999821186066,46.31999969482422,31.12458038330078,PASS,SUCCESS,data\processed\max_temperature\2002.nc,,2026-08-31T09:44:04.683596Z
min_temp,2002,Mintemp_MinT_2002.GRD,True,1403060,1403060,365,31x31,128416,222349,-7.690000057220459,32.83000183105469,19.141271591186523,PASS,SUCCESS,data\processed\min_temperature\2002.nc,,2026-08-31T09:44:04.750727Z
rainfall,2003,ind2003_rfp25.grd,True,25425900,25425900,365,129x135,1811860,4544615,0.0,549.5249633789062,3.19094181060791,PASS,SUCCESS,data\processed\rainfall\2003.nc,,2026-08-31T09:44:04.783667Z
max_temp,2003,Maxtemp_MaxT_2003.GRD,True,1403060,1403060,365,31x31,130443,220322,2.109999895095825,46.900001525878906,30.57279396057129,PASS,SUCCESS,data\processed\max_temperature\2003.nc,,2026-08-31T09:44:05.066510Z
min_temp,2003,Mintemp_MinT_2003.GRD,True,1403060,1403060,365,31x31,130443,220322,-7.28000020980835,32.88999938964844,19.01528549194336,PASS,SUCCESS,data\processed\min_temperature\2003.nc,,2026-08-31T09:44:05.103365Z
rainfall,2004,ind2004_rfp25.grd,True,25495560,25495560,366,129x135,1816824,4557066,0.0,644.7525024414062,2.863980770111084,PASS,SUCCESS,data\processed\rainfall\2004.nc,,2026-08-31T09:44:05.150997Z
max_temp,2004,Maxtemp_MaxT_2004.GRD,True,1406904,1406904,366,31x31,129273,222453,0.2800000011920929,45.70000076293945,30.799238204956055,PASS,SUCCESS,data\processed\max_temperature\2004.nc,,2026-08-31T09:44:05.457374Z
min_temp,2004,Mintemp_MinT_2004.GRD,True,1406904,1406904,366,31x31,129273,222453,-6.460000038146973,32.380001068115234,18.77703094482422,PASS,SUCCESS,data\processed\min_temperature\2004.nc,,2026-08-31T09:44:05.501795Z
rainfall,2005,ind2005_rfp25.grd,True,25425900,25425900,365,129x135,1811860,4544615,0.0,732.4573974609375,3.3169033527374268,PASS,SUCCESS,data\processed\rainfall\2005.nc,,2026-08-31T09:44:05.544124Z
max_temp,2005,Maxtemp_MaxT_2005.GRD,True,1403060,1403060,365,31x31,128990,221775,0.2199999988079071,47.029998779296875,30.633588790893555,PASS,SUCCESS,data\processed\max_temperature\2005.nc,,2026-08-31T09:44:05.844585Z
min_temp,2005,Mintemp_MinT_2005.GRD,True,1403060,1403060,365,31x31,128990,221775,-6.829999923706055,31.610000610351562,18.629474639892578,PASS,SUCCESS,data\processed\min_temperature\2005.nc,,2026-08-31T09:44:05.894246Z
rainfall,2006,ind2006_rfp25.grd,True,25425900,25425900,365,129x135,1811860,4544615,0.0,631.3129272460938,3.148742914199829,PASS,SUCCESS,data\processed\rainfall\2006.nc,,2026-08-31T09:44:05.933619Z
max_temp,2006,Maxtemp_MaxT_2006.GRD,True,1403060,1403060,365,31x31,131334,219431,0.5299999713897705,45.709999084472656,30.908676147460938,PASS,SUCCESS,data\processed\max_temperature\2006.nc,,2026-08-31T09:44:06.202829Z
min_temp,2006,Mintemp_MinT_2006.GRD,True,1403060,1403060,365,31x31,131334,219431,-6.139999866485596,31.420000076293945,19.016725540161133,PASS,SUCCESS,data\processed\min_temperature\2006.nc,,2026-08-31T09:44:06.260609Z
rainfall,2007,ind2007_rfp25.grd,True,25425900,25425900,365,129x135,1811860,4544615,0.0,550.4434204101562,3.2004806995391846,PASS,SUCCESS,data\processed\rainfall\2007.nc,,2026-08-31T09:44:06.316199Z
max_temp,2007,Maxtemp_MaxT_2007.GRD,True,1403060,1403060,365,31x31,129896,220869,1.340000033378601,46.08000183105469,30.76352310180664,PASS,SUCCESS,data\processed\max_temperature\2007.nc,,2026-08-31T09:44:06.624986Z
min_temp,2007,Mintemp_MinT_2007.GRD,True,1403060,1403060,365,31x31,129896,220869,-7.579999923706055,32.61000061035156,18.88540267944336,PASS,SUCCESS,data\processed\min_temperature\2007.nc,,2026-08-31T09:44:06.689134Z
rainfall,2008,ind2008_rfp25.grd,True,25495560,25495560,366,129x135,1816824,4557066,0.0,513.566650390625,3.1413536071777344,PASS,SUCCESS,data\processed\rainfall\2008.nc,,2026-08-31T09:44:06.732236Z
max_temp,2008,Maxtemp_MaxT_2008.GRD,True,1406904,1406904,366,31x31,129800,221926,-1.190000057220459,44.400001525878906,30.633281707763672,PASS,SUCCESS,data\processed\max_temperature\2008.nc,,2026-08-31T09:44:06.999035Z
min_temp,2008,Mintemp_MinT_2008.GRD,True,1406904,1406904,366,31x31,129800,221926,-11.449999809265137,29.530000686645508,18.758953094482422,PASS,SUCCESS,data\processed\min_temperature\2008.nc,,2026-08-31T09:44:07.048523Z
rainfall,2009,ind2009_rfp25.grd,True,25425900,25425900,365,129x135,1811860,4544615,0.0,503.5693664550781,2.739680290222168,PASS,SUCCESS,data\processed\rainfall\2009.nc,,2026-08-31T09:44:07.116920Z
max_temp,2009,Maxtemp_MaxT_2009.GRD,True,1403060,1403060,365,31x31,127866,222899,5.739999771118164,45.88999938964844,31.54977035522461,PASS,SUCCESS,data\processed\max_temperature\2009.nc,,2026-08-31T09:44:07.408375Z
min_temp,2009,Mintemp_MinT_2009.GRD,True,1403060,1403060,365,31x31,127866,222899,-3.9600000381469727,31.850000381469727,19.357803344726562,PASS,SUCCESS,data\processed\min_temperature\2009.nc,,2026-08-31T09:44:07.485107Z
rainfall,2010,ind2010_rfp25.grd,True,25425900,25425900,365,129x135,1811860,4544615,0.0,494.7169494628906,3.4056758880615234,PASS,SUCCESS,data\processed\rainfall\2010.nc,,2026-08-31T09:44:07.548527Z
max_temp,2010,Maxtemp_MaxT_2010.GRD,True,1403060,1403060,365,31x31,128551,222214,4.059999942779541,47.33000183105469,31.295719146728516,PASS,SUCCESS,data\processed\max_temperature\2010.nc,,2026-08-31T09:44:07.852738Z
min_temp,2010,Mintemp_MinT_2010.GRD,True,1403060,1403060,365,31x31,128635,222130,-5.159999847412109,33.20000076293945,19.47989273071289,PASS,SUCCESS,data\processed\min_temperature\2010.nc,,2026-08-31T09:44:07.894834Z
rainfall,2011,ind2011_rfp25.grd,True,25425900,25425900,365,129x135,1811860,4544615,0.0,447.2681884765625,3.13053822517395,PASS,SUCCESS,data\processed\rainfall\2011.nc,,2026-08-31T09:44:07.936492Z
max_temp,2011,Maxtemp_MaxT_2011.GRD,True,1403060,1403060,365,31x31,129190,221575,5.590000152587891,47.599998474121094,30.820343017578125,PASS,SUCCESS,data\processed\max_temperature\2011.nc,,2026-08-31T09:44:08.223089Z
min_temp,2011,Mintemp_MinT_2011.GRD,True,1403060,1403060,365,31x31,129242,221523,-5.71999979019165,31.610000610351562,18.712968826293945,PASS,SUCCESS,data\processed\min_temperature\2011.nc,,2026-08-31T09:44:08.277296Z
rainfall,2012,ind2012_rfp25.grd,True,25495560,25495560,366,129x135,1816824,4557066,0.0,349.6087951660156,2.9103305339813232,PASS,SUCCESS,data\processed\rainfall\2012.nc,,2026-08-31T09:44:08.333786Z
max_temp,2012,Maxtemp_MaxT_2012.GRD,True,1406904,1406904,366,31x31,129747,221979,2.5399999618530273,46.939998626708984,30.862138748168945,PASS,SUCCESS,data\processed\max_temperature\2012.nc,,2026-08-31T09:44:08.595960Z
min_temp,2012,Mintemp_MinT_2012.GRD,True,1406904,1406904,366,31x31,129779,221947,-8.819999694824219,32.119998931884766,18.626407623291016,PASS,SUCCESS,data\processed\min_temperature\2012.nc,,2026-08-31T09:44:08.644797Z
rainfall,2013,ind2013_rfp25.grd,True,25425900,25425900,365,129x135,1811860,4544615,0.0,478.3231506347656,3.376765012741089,PASS,SUCCESS,data\processed\rainfall\2013.nc,,2026-08-31T09:44:08.678816Z
max_temp,2013,Maxtemp_MaxT_2013.GRD,True,1403060,1403060,365,31x31,129101,221664,4.059999942779541,46.54999923706055,30.619367599487305,PASS,SUCCESS,data\processed\max_temperature\2013.nc,,2026-08-31T09:44:08.927496Z
min_temp,2013,Mintemp_MinT_2013.GRD,True,1403060,1403060,365,31x31,129273,221492,-5.71999979019165,31.5,18.86542510986328,PASS,SUCCESS,data\processed\min_temperature\2013.nc,,2026-08-31T09:44:08.963862Z
rainfall,2014,ind2014_rfp25.grd,True,25425900,25425900,365,129x135,1811860,4544615,0.0,711.0648193359375,2.8255109786987305,PASS,SUCCESS,data\processed\rainfall\2014.nc,,2026-08-31T09:44:08.991275Z
max_temp,2014,Maxtemp_MaxT_2014.GRD,True,1403060,1403060,365,31x31,129497,221268,4.173009872436523,47.45246505737305,30.789653778076172,PASS,SUCCESS,data\processed\max_temperature\2014.nc,,2026-08-31T09:44:09.256630Z
min_temp,2014,Mintemp_MinT_2014.GRD,True,1403060,1403060,365,31x31,129547,221218,-5.070496559143066,31.975210189819336,18.79916763305664,PASS,SUCCESS,data\processed\min_temperature\2014.nc,,2026-08-31T09:44:09.317586Z
rainfall,2015,ind2015_rfp25.grd,True,25425900,25425900,365,129x135,1811860,4544615,0.0,679.2213134765625,2.945695400238037,PASS,SUCCESS,data\processed\rainfall\2015.nc,,2026-08-31T09:44:09.366298Z
max_temp,2015,Maxtemp_MaxT_2015.GRD,True,1403060,1403060,365,31x31,129360,221405,4.194188117980957,46.87416076660156,30.97444725036621,PASS,SUCCESS,data\processed\max_temperature\2015.nc,,2026-08-31T09:44:09.627848Z
min_temp,2015,Mintemp_MinT_2015.GRD,True,1403060,1403060,365,31x31,129500,221265,-4.422795295715332,31.308635711669922,19.152978897094727,PASS,SUCCESS,data\processed\min_temperature\2015.nc,,2026-08-31T09:44:09.678742Z
rainfall,2016,ind2016_rfp25.grd,True,25495560,25495560,366,129x135,1816824,4557066,0.0,673.70849609375,3.002500295639038,PASS,SUCCESS,data\processed\rainfall\2016.nc,,2026-08-31T09:44:09.713146Z
max_temp,2016,Maxtemp_MaxT_2016.GRD,True,1406904,1406904,366,31x31,129821,221905,6.71941614151001,48.770992279052734,31.46467399597168,PASS,SUCCESS,data\processed\max_temperature\2016.nc,,2026-08-31T09:44:09.984708Z
min_temp,2016,Mintemp_MinT_2016.GRD,True,1406904,1406904,366,31x31,129864,221862,-3.584568977355957,31.339431762695312,19.301542282104492,PASS,SUCCESS,data\processed\min_temperature\2016.nc,,2026-08-31T09:44:10.032915Z
rainfall,2017,ind2017_rfp25.grd,True,25425900,25425900,365,129x135,1811860,4544615,0.0,540.26953125,3.097773551940918,PASS,SUCCESS,data\processed\rainfall\2017.nc,,2026-08-31T09:44:10.089257Z
max_temp,2017,Maxtemp_MaxT_2017.GRD,True,1403060,1403060,365,31x31,129480,221285,3.1719374656677246,46.237300872802734,31.227556228637695,PASS,SUCCESS,data\processed\max_temperature\2017.nc,,2026-08-31T09:44:10.373669Z
min_temp,2017,Mintemp_MinT_2017.GRD,True,1403060,1403060,365,31x31,129519,221246,-6.816032409667969,32.47312545776367,19.158721923828125,PASS,SUCCESS,data\processed\min_temperature\2017.nc,,2026-08-31T09:44:10.423021Z
rainfall,2018,ind2018_rfp25.grd,True,25425900,25425900,365,129x135,1811860,4544615,0.0,534.245849609375,2.7578842639923096,PASS,SUCCESS,data\processed\rainfall\2018.nc,,2026-08-31T09:44:10.463948Z
max_temp,2018,Maxtemp_MaxT_2018.GRD,True,1403060,1403060,365,31x31,128954,221811,5.130488395690918,46.51033401489258,31.16790199279785,PASS,SUCCESS,data\processed\max_temperature\2018.nc,,2026-08-31T09:44:10.737028Z
min_temp,2018,Mintemp_MinT_2018.GRD,True,1403060,1403060,365,31x31,129462,221303,-5.949231147766113,32.07405090332031,18.910951614379883,PASS,SUCCESS,data\processed\min_temperature\2018.nc,,2026-08-31T09:44:10.794511Z
rainfall,2019,ind2019_rfp25.grd,True,25425900,25425900,365,129x135,1811860,4544615,0.0,487.10498046875,3.476679801940918,PASS,SUCCESS,data\processed\rainfall\2019.nc,,2026-08-31T09:44:10.857732Z
max_temp,2019,Maxtemp_MaxT_2019.GRD,True,1403060,1403060,365,31x31,129178,221587,2.0150303840637207,47.792606353759766,30.63589859008789,PASS,SUCCESS,data\processed\max_temperature\2019.nc,,2026-08-31T09:44:11.127994Z
min_temp,2019,Mintemp_MinT_2019.GRD,True,1403060,1403060,365,31x31,129451,221314,-7.182732582092285,32.24872589111328,19.158554077148438,PASS,SUCCESS,data\processed\min_temperature\2019.nc,,2026-08-31T09:44:11.177451Z
rainfall,2020,ind2020_rfp25.grd,True,25495560,25495560,366,129x135,1816824,4557066,0.0,539.9127807617188,3.4876961708068848,PASS,SUCCESS,data\processed\rainfall\2020.nc,,2026-08-31T09:44:11.213729Z
max_temp,2020,Maxtemp_MaxT_2020.GRD,True,1406904,1406904,366,31x31,129700,222026,2.85243558883667,46.77606201171875,30.461530685424805,PASS,SUCCESS,data\processed\max_temperature\2020.nc,,2026-08-31T09:44:11.464160Z
min_temp,2020,Mintemp_MinT_2020.GRD,True,1406904,1406904,366,31x31,129858,221868,-6.854028701782227,31.859588623046875,18.950069427490234,PASS,SUCCESS,data\processed\min_temperature\2020.nc,,2026-08-31T09:44:11.528253Z
rainfall,2021,ind2021_rfp25.grd,True,25425900,25425900,365,129x135,1811860,4544615,0.0,526.7105712890625,3.356478214263916,PASS,SUCCESS,data\processed\rainfall\2021.nc,,2026-08-31T09:44:11.594384Z
max_temp,2021,Maxtemp_MaxT_2021.GRD,True,1403060,1403060,365,31x31,129418,221347,3.863950252532959,44.730712890625,30.71299934387207,PASS,SUCCESS,data\processed\max_temperature\2021.nc,,2026-08-31T09:44:11.860243Z
min_temp,2021,Mintemp_MinT_2021.GRD,True,1403060,1403060,365,31x31,129396,221369,-7.06667423248291,31.358413696289062,19.137392044067383,PASS,SUCCESS,data\processed\min_temperature\2021.nc,,2026-08-31T09:44:11.936263Z
rainfall,2022,ind2022_rfp25.grd,True,25425900,25425900,365,129x135,1811860,4544615,0.0,979.144775390625,3.4443230628967285,PASS,SUCCESS,data\processed\rainfall\2022.nc,,2026-08-31T09:44:11.964958Z
max_temp,2022,Maxtemp_MaxT_2022.GRD,True,1403060,1403060,365,31x31,129517,221248,3.22220516204834,47.59224319458008,30.91098403930664,PASS,SUCCESS,data\processed\max_temperature\2022.nc,,2026-08-31T09:44:12.290647Z
min_temp,2022,Mintemp_MinT_2022.GRD,True,1403060,1403060,365,31x31,129516,221249,-4.686941146850586,32.176700592041016,19.2222900390625,PASS,SUCCESS,data\processed\min_temperature\2022.nc,,2026-08-31T09:44:12.339105Z
rainfall,2023,ind2023_rfp25.grd,True,25425900,25425900,365,129x135,1811781,4544694,0.0,689.0372314453125,2.9621636867523193,PASS,SUCCESS,data\processed\rainfall\2023.nc,,2026-08-31T09:44:12.401816Z
max_temp,2023,Maxtemp_MaxT_2023.GRD,True,1403060,1403060,365,31x31,129516,221249,2.7267260551452637,45.00144577026367,30.869691848754883,PASS,SUCCESS,data\processed\max_temperature\2023.nc,,2026-08-31T09:44:12.676418Z
min_temp,2023,Mintemp_MinT_2023.GRD,True,1403060,1403060,365,31x31,129546,221219,-5.445181846618652,31.48660659790039,19.173128128051758,PASS,SUCCESS,data\processed\min_temperature\2023.nc,,2026-08-31T09:44:12.713508Z
variable,year,input_filename,input_exists,input_size,expected_size,days,grid_dimensions,valid_count,missing_count,min,max,mean,validation_status,processing_status,output_path,error_message,processing_timestamp
rainfall,2000,ind2000_rfp25.grd,True,25495560,25495560,366,129x135,1816824,4557066,0.0,569.6158447265625,2.7512857913970947,PASS,SUCCESS,data\processed\rainfall\2000.nc,,2026-08-31T09:44:03.696159Z
max_temp,2000,Maxtemp_MaxT_2000.GRD,True,1406904,1406904,366,31x31,128389,223337,0.6200000047683716,45.0,30.669422149658203,PASS,SUCCESS,data\processed\max_temperature\2000.nc,,2026-08-31T09:44:03.964372Z
min_temp,2000,Mintemp_MinT_2000.GRD,True,1406904,1406904,366,31x31,128389,223337,-9.109999656677246,30.799999237060547,18.65035629272461,PASS,SUCCESS,data\processed\min_temperature\2000.nc,,2026-08-31T09:44:04.040154Z
rainfall,2001,ind2001_rfp25.grd,True,25425900,25425900,365,129x135,1811860,4544615,0.0,822.0632934570312,2.911745548248291,PASS,SUCCESS,data\processed\rainfall\2001.nc,,2026-08-31T09:44:04.097554Z
max_temp,2001,Maxtemp_MaxT_2001.GRD,True,1403060,1403060,365,31x31,128749,222016,1.7000000476837158,46.189998626708984,30.77044105529785,PASS,SUCCESS,data\processed\max_temperature\2001.nc,,2026-08-31T09:44:04.371577Z
min_temp,2001,Mintemp_MinT_2001.GRD,True,1403060,1403060,365,31x31,128749,222016,-8.369999885559082,31.739999771118164,18.882356643676758,PASS,SUCCESS,data\processed\min_temperature\2001.nc,,2026-08-31T09:44:04.420262Z
rainfall,2002,ind2002_rfp25.grd,True,25425900,25425900,365,129x135,1811860,4544615,0.0,594.8735961914062,2.5575122833251953,PASS,SUCCESS,data\processed\rainfall\2002.nc,,2026-08-31T09:44:04.457201Z
max_temp,2002,Maxtemp_MaxT_2002.GRD,True,1403060,1403060,365,31x31,128416,222349,-0.07999999821186066,46.31999969482422,31.12458038330078,PASS,SUCCESS,data\processed\max_temperature\2002.nc,,2026-08-31T09:44:04.683596Z
min_temp,2002,Mintemp_MinT_2002.GRD,True,1403060,1403060,365,31x31,128416,222349,-7.690000057220459,32.83000183105469,19.141271591186523,PASS,SUCCESS,data\processed\min_temperature\2002.nc,,2026-08-31T09:44:04.750727Z
rainfall,2003,ind2003_rfp25.grd,True,25425900,25425900,365,129x135,1811860,4544615,0.0,549.5249633789062,3.19094181060791,PASS,SUCCESS,data\processed\rainfall\2003.nc,,2026-08-31T09:44:04.783667Z
max_temp,2003,Maxtemp_MaxT_2003.GRD,True,1403060,1403060,365,31x31,130443,220322,2.109999895095825,46.900001525878906,30.57279396057129,PASS,SUCCESS,data\processed\max_temperature\2003.nc,,2026-08-31T09:44:05.066510Z
min_temp,2003,Mintemp_MinT_2003.GRD,True,1403060,1403060,365,31x31,130443,220322,-7.28000020980835,32.88999938964844,19.01528549194336,PASS,SUCCESS,data\processed\min_temperature\2003.nc,,2026-08-31T09:44:05.103365Z
rainfall,2004,ind2004_rfp25.grd,True,25495560,25495560,366,129x135,1816824,4557066,0.0,644.7525024414062,2.863980770111084,PASS,SUCCESS,data\processed\rainfall\2004.nc,,2026-08-31T09:44:05.150997Z
max_temp,2004,Maxtemp_MaxT_2004.GRD,True,1406904,1406904,366,31x31,129273,222453,0.2800000011920929,45.70000076293945,30.799238204956055,PASS,SUCCESS,data\processed\max_temperature\2004.nc,,2026-08-31T09:44:05.457374Z
min_temp,2004,Mintemp_MinT_2004.GRD,True,1406904,1406904,366,31x31,129273,222453,-6.460000038146973,32.380001068115234,18.77703094482422,PASS,SUCCESS,data\processed\min_temperature\2004.nc,,2026-08-31T09:44:05.501795Z
rainfall,2005,ind2005_rfp25.grd,True,25425900,25425900,365,129x135,1811860,4544615,0.0,732.4573974609375,3.3169033527374268,PASS,SUCCESS,data\processed\rainfall\2005.nc,,2026-08-31T09:44:05.544124Z
max_temp,2005,Maxtemp_MaxT_2005.GRD,True,1403060,1403060,365,31x31,128990,221775,0.2199999988079071,47.029998779296875,30.633588790893555,PASS,SUCCESS,data\processed\max_temperature\2005.nc,,2026-08-31T09:44:05.844585Z
min_temp,2005,Mintemp_MinT_2005.GRD,True,1403060,1403060,365,31x31,128990,221775,-6.829999923706055,31.610000610351562,18.629474639892578,PASS,SUCCESS,data\processed\min_temperature\2005.nc,,2026-08-31T09:44:05.894246Z
rainfall,2006,ind2006_rfp25.grd,True,25425900,25425900,365,129x135,1811860,4544615,0.0,631.3129272460938,3.148742914199829,PASS,SUCCESS,data\processed\rainfall\2006.nc,,2026-08-31T09:44:05.933619Z
max_temp,2006,Maxtemp_MaxT_2006.GRD,True,1403060,1403060,365,31x31,131334,219431,0.5299999713897705,45.709999084472656,30.908676147460938,PASS,SUCCESS,data\processed\max_temperature\2006.nc,,2026-08-31T09:44:06.202829Z
min_temp,2006,Mintemp_MinT_2006.GRD,True,1403060,1403060,365,31x31,131334,219431,-6.139999866485596,31.420000076293945,19.016725540161133,PASS,SUCCESS,data\processed\min_temperature\2006.nc,,2026-08-31T09:44:06.260609Z
rainfall,2007,ind2007_rfp25.grd,True,25425900,25425900,365,129x135,1811860,4544615,0.0,550.4434204101562,3.2004806995391846,PASS,SUCCESS,data\processed\rainfall\2007.nc,,2026-08-31T09:44:06.316199Z
max_temp,2007,Maxtemp_MaxT_2007.GRD,True,1403060,1403060,365,31x31,129896,220869,1.340000033378601,46.08000183105469,30.76352310180664,PASS,SUCCESS,data\processed\max_temperature\2007.nc,,2026-08-31T09:44:06.624986Z
min_temp,2007,Mintemp_MinT_2007.GRD,True,1403060,1403060,365,31x31,129896,220869,-7.579999923706055,32.61000061035156,18.88540267944336,PASS,SUCCESS,data\processed\min_temperature\2007.nc,,2026-08-31T09:44:06.689134Z
rainfall,2008,ind2008_rfp25.grd,True,25495560,25495560,366,129x135,1816824,4557066,0.0,513.566650390625,3.1413536071777344,PASS,SUCCESS,data\processed\rainfall\2008.nc,,2026-08-31T09:44:06.732236Z
max_temp,2008,Maxtemp_MaxT_2008.GRD,True,1406904,1406904,366,31x31,129800,221926,-1.190000057220459,44.400001525878906,30.633281707763672,PASS,SUCCESS,data\processed\max_temperature\2008.nc,,2026-08-31T09:44:06.999035Z
min_temp,2008,Mintemp_MinT_2008.GRD,True,1406904,1406904,366,31x31,129800,221926,-11.449999809265137,29.530000686645508,18.758953094482422,PASS,SUCCESS,data\processed\min_temperature\2008.nc,,2026-08-31T09:44:07.048523Z
rainfall,2009,ind2009_rfp25.grd,True,25425900,25425900,365,129x135,1811860,4544615,0.0,503.5693664550781,2.739680290222168,PASS,SUCCESS,data\processed\rainfall\2009.nc,,2026-08-31T09:44:07.116920Z
max_temp,2009,Maxtemp_MaxT_2009.GRD,True,1403060,1403060,365,31x31,127866,222899,5.739999771118164,45.88999938964844,31.54977035522461,PASS,SUCCESS,data\processed\max_temperature\2009.nc,,2026-08-31T09:44:07.408375Z
min_temp,2009,Mintemp_MinT_2009.GRD,True,1403060,1403060,365,31x31,127866,222899,-3.9600000381469727,31.850000381469727,19.357803344726562,PASS,SUCCESS,data\processed\min_temperature\2009.nc,,2026-08-31T09:44:07.485107Z
rainfall,2010,ind2010_rfp25.grd,True,25425900,25425900,365,129x135,1811860,4544615,0.0,494.7169494628906,3.4056758880615234,PASS,SUCCESS,data\processed\rainfall\2010.nc,,2026-08-31T09:44:07.548527Z
max_temp,2010,Maxtemp_MaxT_2010.GRD,True,1403060,1403060,365,31x31,128551,222214,4.059999942779541,47.33000183105469,31.295719146728516,PASS,SUCCESS,data\processed\max_temperature\2010.nc,,2026-08-31T09:44:07.852738Z
min_temp,2010,Mintemp_MinT_2010.GRD,True,1403060,1403060,365,31x31,128635,222130,-5.159999847412109,33.20000076293945,19.47989273071289,PASS,SUCCESS,data\processed\min_temperature\2010.nc,,2026-08-31T09:44:07.894834Z
rainfall,2011,ind2011_rfp25.grd,True,25425900,25425900,365,129x135,1811860,4544615,0.0,447.2681884765625,3.13053822517395,PASS,SUCCESS,data\processed\rainfall\2011.nc,,2026-08-31T09:44:07.936492Z
max_temp,2011,Maxtemp_MaxT_2011.GRD,True,1403060,1403060,365,31x31,129190,221575,5.590000152587891,47.599998474121094,30.820343017578125,PASS,SUCCESS,data\processed\max_temperature\2011.nc,,2026-08-31T09:44:08.223089Z
min_temp,2011,Mintemp_MinT_2011.GRD,True,1403060,1403060,365,31x31,129242,221523,-5.71999979019165,31.610000610351562,18.712968826293945,PASS,SUCCESS,data\processed\min_temperature\2011.nc,,2026-08-31T09:44:08.277296Z
rainfall,2012,ind2012_rfp25.grd,True,25495560,25495560,366,129x135,1816824,4557066,0.0,349.6087951660156,2.9103305339813232,PASS,SUCCESS,data\processed\rainfall\2012.nc,,2026-08-31T09:44:08.333786Z
max_temp,2012,Maxtemp_MaxT_2012.GRD,True,1406904,1406904,366,31x31,129747,221979,2.5399999618530273,46.939998626708984,30.862138748168945,PASS,SUCCESS,data\processed\max_temperature\2012.nc,,2026-08-31T09:44:08.595960Z
min_temp,2012,Mintemp_MinT_2012.GRD,True,1406904,1406904,366,31x31,129779,221947,-8.819999694824219,32.119998931884766,18.626407623291016,PASS,SUCCESS,data\processed\min_temperature\2012.nc,,2026-08-31T09:44:08.644797Z
rainfall,2013,ind2013_rfp25.grd,True,25425900,25425900,365,129x135,1811860,4544615,0.0,478.3231506347656,3.376765012741089,PASS,SUCCESS,data\processed\rainfall\2013.nc,,2026-08-31T09:44:08.678816Z
max_temp,2013,Maxtemp_MaxT_2013.GRD,True,1403060,1403060,365,31x31,129101,221664,4.059999942779541,46.54999923706055,30.619367599487305,PASS,SUCCESS,data\processed\max_temperature\2013.nc,,2026-08-31T09:44:08.927496Z
min_temp,2013,Mintemp_MinT_2013.GRD,True,1403060,1403060,365,31x31,129273,221492,-5.71999979019165,31.5,18.86542510986328,PASS,SUCCESS,data\processed\min_temperature\2013.nc,,2026-08-31T09:44:08.963862Z
rainfall,2014,ind2014_rfp25.grd,True,25425900,25425900,365,129x135,1811860,4544615,0.0,711.0648193359375,2.8255109786987305,PASS,SUCCESS,data\processed\rainfall\2014.nc,,2026-08-31T09:44:08.991275Z
max_temp,2014,Maxtemp_MaxT_2014.GRD,True,1403060,1403060,365,31x31,129497,221268,4.173009872436523,47.45246505737305,30.789653778076172,PASS,SUCCESS,data\processed\max_temperature\2014.nc,,2026-08-31T09:44:09.256630Z
min_temp,2014,Mintemp_MinT_2014.GRD,True,1403060,1403060,365,31x31,129547,221218,-5.070496559143066,31.975210189819336,18.79916763305664,PASS,SUCCESS,data\processed\min_temperature\2014.nc,,2026-08-31T09:44:09.317586Z
rainfall,2015,ind2015_rfp25.grd,True,25425900,25425900,365,129x135,1811860,4544615,0.0,679.2213134765625,2.945695400238037,PASS,SUCCESS,data\processed\rainfall\2015.nc,,2026-08-31T09:44:09.366298Z
max_temp,2015,Maxtemp_MaxT_2015.GRD,True,1403060,1403060,365,31x31,129360,221405,4.194188117980957,46.87416076660156,30.97444725036621,PASS,SUCCESS,data\processed\max_temperature\2015.nc,,2026-08-31T09:44:09.627848Z
min_temp,2015,Mintemp_MinT_2015.GRD,True,1403060,1403060,365,31x31,129500,221265,-4.422795295715332,31.308635711669922,19.152978897094727,PASS,SUCCESS,data\processed\min_temperature\2015.nc,,2026-08-31T09:44:09.678742Z
rainfall,2016,ind2016_rfp25.grd,True,25495560,25495560,366,129x135,1816824,4557066,0.0,673.70849609375,3.002500295639038,PASS,SUCCESS,data\processed\rainfall\2016.nc,,2026-08-31T09:44:09.713146Z
max_temp,2016,Maxtemp_MaxT_2016.GRD,True,1406904,1406904,366,31x31,129821,221905,6.71941614151001,48.770992279052734,31.46467399597168,PASS,SUCCESS,data\processed\max_temperature\2016.nc,,2026-08-31T09:44:09.984708Z
min_temp,2016,Mintemp_MinT_2016.GRD,True,1406904,1406904,366,31x31,129864,221862,-3.584568977355957,31.339431762695312,19.301542282104492,PASS,SUCCESS,data\processed\min_temperature\2016.nc,,2026-08-31T09:44:10.032915Z
rainfall,2017,ind2017_rfp25.grd,True,25425900,25425900,365,129x135,1811860,4544615,0.0,540.26953125,3.097773551940918,PASS,SUCCESS,data\processed\rainfall\2017.nc,,2026-08-31T09:44:10.089257Z
max_temp,2017,Maxtemp_MaxT_2017.GRD,True,1403060,1403060,365,31x31,129480,221285,3.1719374656677246,46.237300872802734,31.227556228637695,PASS,SUCCESS,data\processed\max_temperature\2017.nc,,2026-08-31T09:44:10.373669Z
min_temp,2017,Mintemp_MinT_2017.GRD,True,1403060,1403060,365,31x31,129519,221246,-6.816032409667969,32.47312545776367,19.158721923828125,PASS,SUCCESS,data\processed\min_temperature\2017.nc,,2026-08-31T09:44:10.423021Z
rainfall,2018,ind2018_rfp25.grd,True,25425900,25425900,365,129x135,1811860,4544615,0.0,534.245849609375,2.7578842639923096,PASS,SUCCESS,data\processed\rainfall\2018.nc,,2026-08-31T09:44:10.463948Z
max_temp,2018,Maxtemp_MaxT_2018.GRD,True,1403060,1403060,365,31x31,128954,221811,5.130488395690918,46.51033401489258,31.16790199279785,PASS,SUCCESS,data\processed\max_temperature\2018.nc,,2026-08-31T09:44:10.737028Z
min_temp,2018,Mintemp_MinT_2018.GRD,True,1403060,1403060,365,31x31,129462,221303,-5.949231147766113,32.07405090332031,18.910951614379883,PASS,SUCCESS,data\processed\min_temperature\2018.nc,,2026-08-31T09:44:10.794511Z
rainfall,2019,ind2019_rfp25.grd,True,25425900,25425900,365,129x135,1811860,4544615,0.0,487.10498046875,3.476679801940918,PASS,SUCCESS,data\processed\rainfall\2019.nc,,2026-08-31T09:44:10.857732Z
max_temp,2019,Maxtemp_MaxT_2019.GRD,True,1403060,1403060,365,31x31,129178,221587,2.0150303840637207,47.792606353759766,30.63589859008789,PASS,SUCCESS,data\processed\max_temperature\2019.nc,,2026-08-31T09:44:11.127994Z
min_temp,2019,Mintemp_MinT_2019.GRD,True,1403060,1403060,365,31x31,129451,221314,-7.182732582092285,32.24872589111328,19.158554077148438,PASS,SUCCESS,data\processed\min_temperature\2019.nc,,2026-08-31T09:44:11.177451Z
rainfall,2020,ind2020_rfp25.grd,True,25495560,25495560,366,129x135,1816824,4557066,0.0,539.9127807617188,3.4876961708068848,PASS,SUCCESS,data\processed\rainfall\2020.nc,,2026-08-31T09:44:11.213729Z
max_temp,2020,Maxtemp_MaxT_2020.GRD,True,1406904,1406904,366,31x31,129700,222026,2.85243558883667,46.77606201171875,30.461530685424805,PASS,SUCCESS,data\processed\max_temperature\2020.nc,,2026-08-31T09:44:11.464160Z
min_temp,2020,Mintemp_MinT_2020.GRD,True,1406904,1406904,366,31x31,129858,221868,-6.854028701782227,31.859588623046875,18.950069427490234,PASS,SUCCESS,data\processed\min_temperature\2020.nc,,2026-08-31T09:44:11.528253Z
rainfall,2021,ind2021_rfp25.grd,True,25425900,25425900,365,129x135,1811860,4544615,0.0,526.7105712890625,3.356478214263916,PASS,SUCCESS,data\processed\rainfall\2021.nc,,2026-08-31T09:44:11.594384Z
max_temp,2021,Maxtemp_MaxT_2021.GRD,True,1403060,1403060,365,31x31,129418,221347,3.863950252532959,44.730712890625,30.71299934387207,PASS,SUCCESS,data\processed\max_temperature\2021.nc,,2026-08-31T09:44:11.860243Z
min_temp,2021,Mintemp_MinT_2021.GRD,True,1403060,1403060,365,31x31,129396,221369,-7.06667423248291,31.358413696289062,19.137392044067383,PASS,SUCCESS,data\processed\min_temperature\2021.nc,,2026-08-31T09:44:11.936263Z
rainfall,2022,ind2022_rfp25.grd,True,25425900,25425900,365,129x135,1811860,4544615,0.0,979.144775390625,3.4443230628967285,PASS,SUCCESS,data\processed\rainfall\2022.nc,,2026-08-31T09:44:11.964958Z
max_temp,2022,Maxtemp_MaxT_2022.GRD,True,1403060,1403060,365,31x31,129517,221248,3.22220516204834,47.59224319458008,30.91098403930664,PASS,SUCCESS,data\processed\max_temperature\2022.nc,,2026-08-31T09:44:12.290647Z
min_temp,2022,Mintemp_MinT_2022.GRD,True,1403060,1403060,365,31x31,129516,221249,-4.686941146850586,32.176700592041016,19.2222900390625,PASS,SUCCESS,data\processed\min_temperature\2022.nc,,2026-08-31T09:44:12.339105Z
rainfall,2023,ind2023_rfp25.grd,True,25425900,25425900,365,129x135,1811781,4544694,0.0,689.0372314453125,2.9621636867523193,PASS,SUCCESS,data\processed\rainfall\2023.nc,,2026-08-31T09:44:12.401816Z
max_temp,2023,Maxtemp_MaxT_2023.GRD,True,1403060,1403060,365,31x31,129516,221249,2.7267260551452637,45.00144577026367,30.869691848754883,PASS,SUCCESS,data\processed\max_temperature\2023.nc,,2026-08-31T09:44:12.676418Z
min_temp,2023,Mintemp_MinT_2023.GRD,True,1403060,1403060,365,31x31,129546,221219,-5.445181846618652,31.48660659790039,19.173128128051758,PASS,SUCCESS,data\processed\min_temperature\2023.nc,,2026-08-31T09:44:12.713508Z
rainfall,2024,ind2024_rfp25.grd,True,25495560,25495560,366,129x135,1816824,4557066,0.0,660.5491943359375,3.3205580711364746,PASS,SUCCESS,data\processed\rainfall\2024.nc,,2026-08-31T09:44:12.746895Z
max_temp,2024,Maxtemp_MaxT_2024.GRD,True,1406904,1406904,366,31x31,129794,221932,3.58723783493042,48.09463119506836,30.92070198059082,PASS,SUCCESS,data\processed\max_temperature\2024.nc,,2026-08-31T09:44:13.051588Z
min_temp,2024,Mintemp_MinT_2024.GRD,True,1406904,1406904,366,31x31,129878,221848,-4.30170202255249,32.94557571411133,19.6802921295166,PASS,SUCCESS,data\processed\min_temperature\2024.nc,,2026-08-31T09:44:13.115333Z
rainfall,2025,ind2025_rfp25.grd,True,25425900,25425900,365,129x135,1811860,4544615,0.0,469.21014404296875,3.473963737487793,PASS,SUCCESS,data\processed\rainfall\2025.nc,,2026-08-31T09:44:13.170878Z
max_temp,2025,Maxtemp_MaxT_2025.GRD,True,1403060,1403060,365,31x31,129552,221213,5.30673885345459,46.15256118774414,30.604103088378906,PASS,SUCCESS,data\processed\max_temperature\2025.nc,,2026-08-31T09:44:13.443369Z
min_temp,2025,Mintemp_MinT_2025.GRD,True,1403060,1403060,365,31x31,129544,221221,-2.4598119258880615,31.346920013427734,19.194414138793945,PASS,SUCCESS,data\processed\min_temperature\2025.nc,,2026-08-31T09:44:13.527650Z
